{
  "probe_statistics": {
    "valence": {
      "n_models": 6,
      "validated_count": 5,
      "validation_rate": 0.8333333333333334,
      "mean_coherence_diff": 0.06090692679087321,
      "std_coherence_diff": 0.10460434122882624,
      "cohens_d": 0.5822600293197855,
      "ci_95_lower": -0.006993144750595093,
      "ci_95_upper": 0.13305403788884482,
      "ci_excludes_zero": false,
      "t_statistic": 1.4262399694514472,
      "p_value": 0.21313391371139392,
      "mean_trigger_coherence": 0.6983534693717957,
      "mean_control_coherence": 0.7592603961626688
    },
    "creative_flow": {
      "n_models": 6,
      "validated_count": 2,
      "validation_rate": 0.3333333333333333,
      "mean_coherence_diff": -0.007914637525876364,
      "std_coherence_diff": 0.0877892942135272,
      "cohens_d": -0.09015492830624466,
      "ci_95_lower": -0.06675796707471211,
      "ci_95_upper": 0.057973458121220255,
      "ci_excludes_zero": false,
      "t_statistic": -0.2208335721474991,
      "p_value": 0.8339565463496312,
      "mean_trigger_coherence": 0.681344692905744,
      "mean_control_coherence": 0.6734300553798676
    },
    "trust_safety": {
      "n_models": 6,
      "validated_count": 3,
      "validation_rate": 0.5,
      "mean_coherence_diff": -0.003155181805292765,
      "std_coherence_diff": 0.06356851407747571,
      "cohens_d": -0.04963434887666728,
      "ci_95_lower": -0.04629749531547228,
      "ci_95_upper": 0.038617213567097984,
      "ci_excludes_zero": false,
      "t_statistic": -0.12157882846311827,
      "p_value": 0.9079676395907574,
      "mean_trigger_coherence": 0.7231808006763458,
      "mean_control_coherence": 0.7200256188710531
    },
    "moral_discomfort": {
      "n_models": 6,
      "validated_count": 5,
      "validation_rate": 0.8333333333333334,
      "mean_coherence_diff": 0.0205916961034139,
      "std_coherence_diff": 0.038075639165162586,
      "cohens_d": 0.5408102544015684,
      "ci_95_lower": -0.003903866807619731,
      "ci_95_upper": 0.05105564991633097,
      "ci_excludes_zero": false,
      "t_statistic": 1.324709170948603,
      "p_value": 0.24258105455023235,
      "mean_trigger_coherence": 0.7625495990117391,
      "mean_control_coherence": 0.783141295115153
    },
    "complexity_uncertainty": {
      "n_models": 6,
      "validated_count": 0,
      "validation_rate": 0.0,
      "mean_coherence_diff": -0.3204604039589564,
      "std_coherence_diff": 0.13684759430859395,
      "cohens_d": -2.341732096775571,
      "ci_95_lower": -0.4095761825640996,
      "ci_95_upper": -0.2060145118584236,
      "ci_excludes_zero": true,
      "t_statistic": -5.736048751397907,
      "p_value": 0.0022557220899207444,
      "mean_trigger_coherence": 0.8041348656018575,
      "mean_control_coherence": 0.4836744616429011
    },
    "attention_salience": {
      "n_models": 6,
      "validated_count": 6,
      "validation_rate": 1.0,
      "mean_coherence_diff": 0.04965056975682577,
      "std_coherence_diff": 0.07560016476261414,
      "cohens_d": 0.6567521368865986,
      "ci_95_lower": -0.0009763625760873154,
      "ci_95_upper": 0.1108554701010386,
      "ci_excludes_zero": false,
      "t_statistic": 1.6087076228546566,
      "p_value": 0.16859324350669289,
      "mean_trigger_coherence": 0.7391179700692495,
      "mean_control_coherence": 0.7887685398260752
    },
    "meta_awareness": {
      "n_models": 6,
      "validated_count": 4,
      "validation_rate": 0.6666666666666666,
      "mean_coherence_diff": 0.037050455808639526,
      "std_coherence_diff": 0.04801315122287141,
      "cohens_d": 0.771673070085645,
      "ci_95_lower": -0.00041280190149943036,
      "ci_95_upper": 0.07167589664459229,
      "ci_excludes_zero": false,
      "t_statistic": 1.8902052699567924,
      "p_value": 0.11732910585792998,
      "mean_trigger_coherence": 0.7913225690523783,
      "mean_control_coherence": 0.8283730248610178
    },
    "temporal_continuity": {
      "n_models": 6,
      "validated_count": 6,
      "validation_rate": 1.0,
      "mean_coherence_diff": -0.06382996340592702,
      "std_coherence_diff": 0.11268581400428966,
      "cohens_d": -0.566441871764774,
      "ci_95_lower": -0.14551256224513054,
      "ci_95_upper": 0.0047633300224939985,
      "ci_excludes_zero": false,
      "t_statistic": -1.3874935547707183,
      "p_value": 0.2239508495647986,
      "mean_trigger_coherence": 0.5768044094244639,
      "mean_control_coherence": 0.5129744460185369
    },
    "temporal_anomaly": {
      "n_models": 6,
      "validated_count": 5,
      "validation_rate": 0.8333333333333334,
      "mean_coherence_diff": -0.01487387220064799,
      "std_coherence_diff": 0.083778836179351,
      "cohens_d": -0.17753734569440052,
      "ci_95_lower": -0.08548578297098477,
      "ci_95_upper": 0.03793310125668844,
      "ci_excludes_zero": false,
      "t_statistic": -0.4348759072393853,
      "p_value": 0.68178194643449,
      "mean_trigger_coherence": 0.7419296105702718,
      "mean_control_coherence": 0.7270557383696238
    }
  },
  "aggregate_statistics": {
    "total_probes": 9,
    "mean_validation_rate": 0.6666666666666665,
    "std_validation_rate": 0.3142696805273545,
    "min_validation_rate": 0.0,
    "max_validation_rate": 1.0,
    "mean_abs_cohens_d": 0.6418884535679172,
    "probes_with_significant_ci": 1,
    "probes_with_significant_ci_pct": 11.11111111111111
  }
}